date_info,name,title,content,rating
Reviewed in India on 3 November 2019,TechMan,"Best 21"" 1080P Monitor, In-Depth review.","First of all It‚Äôs the best 1080P 22‚Äù 75Hz in it‚Äôs price(7500) and I‚Äôm saying it after my research based purchase and after purchase experience.. Contents:-. came with Monitor!, 2 piece modular stand, VGA cable, HDMI cable thankfully!, AUX cable nice!, power cord and power brick, some paperwork. *************************. Ports:-. HDMI, VGA, AUX input(can‚Äôt be used as output when sound is coming from HDMI), power input. *************************. Looks and feel:-. It‚Äôs so different and better looking than those full black monitor and on the inside it‚Äôs 75Hz display so it‚Äôs a totally different experience inside and out with this monitor, the white portion of this monitor stands out beautifully, the main display is half as thick as a usb plug display is matt finish so it doesn't matter if there‚Äôs light source in front of it. *************************. Display:-. Vibrant output, Beautiful color production, No dead pixels and no color bleeding. Some people had issue with color bleeding but not me, supports freesync and capable of 75 FPS output, I haven‚Äôt noticed any stain on eyes 10+ continuous hours and I‚Äôm a guy with glasses.. It‚Äôs a 75 hz display, i‚Äôve used 60Hz display for 11 years and it makes a difference it‚Äôs only display in this price range with this feature and sealed the deal for me.. You can game on it no problems just know that this monitor doesn't sell as gaming monitor and gsync and display overclocking support is not available, it has 4 MS response time and is better at gaming than other similar monitors and some expensive monitors too. **********************. Speaker and sound:-. it has 2, 2 watt speakers in the bottom which is not loud at all and lacks basic bass I'm not asking for much just enough, for reference my poco F1 has loud and clear speaker than this dual speaker monitor it‚Äôs just there and you shouldn't rely on it but is a nice addition, something is better than nothing. For speaker to work you can give input by HDMI cable and if you are using VGA there‚Äôs aux input too. ***************************. Manual setting suggestion:-. This is a 75 Hz display so first of all check that your graphics unit has enabled 75Hz from normally 60Hz refresh rate to enjoy it‚Äôs full capability. Factory display setting of this monitor was with a warm color to give feelings of blue light protection which was not looking normal so you may have to tweak the settings to fit your needs. ***************************. One thing to keep in mind that it‚Äôs a 21.5 inch 1080P monitor which has a 102.46 per inch that means if you use it in its native resolution text might be smaller for you, text is totally readable and clear but small so I have custom scaled this monitor to 109% now everything is fine for the monitor but windows OS is bad at scaling some text are blurry like chrome suggestion which is totally not a big deal but something to keep in mind and if you buy 24 inch monitor the price of that is just shy of double the price of this monitor.. *****. If we are talking about eye care than this monitor doesn‚Äôt put strain on eyes just set it to comfortable brightness and use a blue light filter like flu.x or use windows 10‚Äôs night light feature",5.0 out of 5 stars
Reviewed in India on 18 July 2019,mohit ,Perfect monitor,Best budget monitor in this price,5.0 out of 5 stars
Reviewed in India on 5 February 2019,Nitish Sadhwa,Good product,It's a good gaming monitor with 4ms response time and 75hz refresh rate. And the screen is amazing. The only issue is backlight bleeding along the edges which noticeable when the screen display dark colors. Doesn't get distracting tho.,4.0 out of 5 stars
Reviewed in India on 21 January 2020,Subhasish N.,Best at this price range üî•,"So, here it is guys‚ô•Ô∏è. Got it for ‚Çπ8999 on amazon sale. I posted about this on Facebook earlier after ordering from Amazon that if is it okay and everyone like ""Hell No"" go for LG or this is not a good monitor.. I just bought it at my own risk as it don't have much reviews on Youtube nither on Amazon (Only 45 reviews). Whatever,I just wanna say this is a underrated White beast/beauty.. 4ms 75hz out of the box, Ultra Thin.. Most Loved AMD Free-sync.. No major backlight bleeding issue like LG and Samsung have.(I attached a photo of dark scene to detect any bleeding). And the colour reproduction quality is just insane üî•. Also comes with 2 piece of 2w speaker though it's not loud but it's better to have those.. The white colour is just giving it a look of extraordinary.. It don't comes with a DP port so the HDMI port is 2.0 unlike 1.4 on other monitors (Free-sync supports only via HDMI 2.0). At last , I just want that youtubers should review this underrated monitor.",5.0 out of 5 stars
Reviewed in India on 16 August 2019,Scizor,"Bleeding, banding, acer never.","Its nice, 75hz refresh rate, good colors, average contrast , BUT it has some backlight bleed, check carefully, buyers.. Edit : replacement is even worse, it has backlight bleed at different places, and color banding too, banding is worse than the tn panel of my laptop.",1.0 out of 5 stars
Reviewed in India on 21 April 2019,Sam Developer,Overall Good,I like packaging! And no damage as i expected!. About led Its work amazing but back light bleeding.... Its start flicking so i try to return 2 time.. i recognized it was a problem with windows 10 auto color picking... Thumbs Up for great product ..... Its worth for money 14K but i think its comes to 12K for good,2.0 out of 5 stars
Reviewed in India on 28 January 2019,Deepak kumat,bad product and color,not happy with color quality,2.0 out of 5 stars
Reviewed in India on 7 July 2020,Vinoth Natarajan,Best in class,"As the WFH became the new normal, I wanted an additional monitor to be added to my laptop. I was expecting a HD monitor with an HDMI extension as my laptop didnt have a VGA port. After a bit of research, narrowed down on this monitor after seeing the reviews - definitely not disappointed. I have been using this for over a month now. I can say that I am very much satisfied - have to wait for few more months to see its actual performace.. Pros:. 1. Really thin panel. 2. Provide HDMI & VGA connectivity for older PCs as well.. 3. Package has all the extension cords (HDMI, VGA, AUX, etc). 4. Has 2w in-built speaker - not so great but can be useful sometimes. You can use the AUX extension to draw the audio out from monitor to any external speakers.. 5. Stand is easy to fix and holds the monitor perfectly. Cons:. 1. Again very thin panel, looks delicate while handling - too risky if you keep moving your montior. 2. I see a blue light leak on top the screen - you will notice when you see that from top of the monitor (see image). 3. No wall mounting option - so those who work with multiple monitors can't put them in the strut bracket.. 4. Locating the menu buttons is too hard at times, there is no written description on the bottom panel rather acer has given on screen navigation. I always use the blue power light to locate the power button and from there.",5.0 out of 5 stars
Reviewed in India on 23 February 2020,Nitesh Kumar Jha,Few Dead Pixels on arrival else Fabulous Quality,"The product is Great,,. Irrespective of What everyone is saying about backlight bleeding or Contrast etc,, picture quality is Really great.. IPS panel seems flawless, Contrast nd brightness are also great.. 75Hz with Amd freesync, FHD 1080p, With speakers, HDMI cable included, it really feels smooth.. The only problem I had is this That There is a pink patch or say dead pixels in middle of the screen which only appears when screen is fully black,, still very annoying.. Hoping for a Replacement.. Seller:- Appario",3.0 out of 5 stars
Reviewed in India on 22 November 2020,PD,"Good product from Acer, but build quality can be improved","This is my 2nd ever monitor from Acer. 1st one was Aopen which I still regret buying. The Aopen is pretty bad display. So after my 1st experience with Acer I was reluctant to go for Acer again. I had a few options in mind like Samsung LS24R350FHWXXL, Dell P2419H, Zebronics ZEB-A24FHD, AOC 24V2Q. Each one had some pros and cons. But finally I decided to go for Acer - color and thickness of the panel.. received the monitor in good condition with an extra cardboard box packing on top of monitor company packing. As soon as I opened it, it just took away my mind. The white color looks awesome and the thickness of the panel is just too less for it to look the most sleek of monitors. Its bezel less and the colors are good too. Using this for a month now and all good, though initial few days it took time to adjust to the colors switching to this one form my old monitor, but now its fine.. Please don't buy this for speakers as they are worst, hardly any sound from them. So speakers are just a gimmick. I hope the stand could have been a little more sturdy. Stand looks awesome in white but if that could have been a bit more solid, it would have been great.. Overall, this monitor is worth a buy.",4.0 out of 5 stars
Reviewed in India on 12 January 2021,gagan parida,Pros and Cons ‚ù§Ô∏èüíî don't think it is good .,"Pros :. >Style , ips , slim , amd free sync.. Cons:. >Over grains. Over sharpness. Over style. That's all . I'll recommend you not to buy by seeing it's appearance. Fonts aren't smooth , e.g bitmap font quality.. And there is no quality driver in official acer website .. How to fix fuzzyness :. >By explaining yourself that you have bought a good monitor.. > By sitting at distance so that your sight wont encounter that sharp fuzzy pixelated quality.. > By rate it 1 in Amazon and flipkart .. Thanks for reading",1.0 out of 5 stars
Reviewed in India on 23 July 2019,AKSHAY,Best Budget Gaming Monitor With Excellent Looks,Guys This is Akshay Gireesh from Dezire 2 Tech YouTube channel I have recently purchased this monitor for my new Gaming Streaming and editing Pc build because i am building my pc with an AMD graphics card I needed a budget freesync monitor and really talking about this monitor the first thing which attracted me is its ultra slim look. This is an exellent product the first delivery of my product wast that good as it was having an unnoticeable small white spot so i returned the product and I got a replacement within two days really Amazon's service is great .. This time the product was without any single issue and working amazingly If u are on a budget then i will strongly recommend you this full HD IPS monitor for gaming and editing.. Guys full review of this monitor will be uploaded whithin a week on my channel Dezire 2 Tech do check out and from there u can decide whether to place the order or not Thankyou,4.0 out of 5 stars
Reviewed in India on 28 January 2021,Tarvinder Singh,Really thos is great monitor and vlue for money,"I have purchased this product at ‚Çπ13300. Its been one month. This is great product in this price range.. The best feature of this monitor is it is very slim, I mean it is ultra slim. The picture quality is very good.. The white color of this monitor is very beautiful.. I purchased it for work purpose. Some time I watch movies on it. 75hz refresh rate good for gaming. I played GTA 4 on it. The was running very smoothly on this monitor.. I have got some cables like HDMI, VGA, Audio and power cable. The quality of cables is awesome.. Thanks",5.0 out of 5 stars
Reviewed in India on 20 November 2020,Aravinthan,Best for work and entertainment.,Got this for office work purpose. Best monitor for both working and entertainment. Very light and thin screen and also bezel less display makes this product looks class especially white color varient. Got this for 7.9K best deal. Though it has inbuilt speaker output is not that loud but never mind you get AUX cable.. Confused whether this one or BenQ... It features everything which BenQ has.. but look wise Acer scores well. Finally purchased acer and it didn't disappointed me.,5.0 out of 5 stars
Reviewed in India on 9 January 2020,Mithun B.,Good product with great screen bleeding,"This product is actually a Good product nice viewing angles,picture quality and all.... exempt one thing that there is screen bleeding even after replacement of the product.Product quality in slighty above average...But greatly disappointed from screen bleeding on acer..one thing only to say that this product comes manufacturer itself has screen bleeding i think....so think thrice before buying this and there is no refund tooo..",3.0 out of 5 stars
Reviewed in India on 21 August 2020,Rajapara Jay Rameshbhai,A Best monitor.,"I am writing this review after using this monitor for 1 year exactly.. **I am editing this review. ( first, I write 5star before few months but now I am facing some issue hence reducing stars). I don't play games so I can't say how this monitor performs in gaming.. I bought this monitor for my design and editing/production purposes. and this monitor was very best for it until last week.. Now it has started showing very strong ghosting effact hence now I can't look at the screen correctly.. wherever the white area on screen is, it shows gosting/motion blur and it pain the eyes if look at that area.. this is just staring hence I don't know if this effect will increase in future or not but will update this review according to it in future.. another problem I found is 1 dead pixel at around middle top area of the screen and heavy backlight bleeding at dark-screen which really don't bother me for now compare to this ghosting effact. If this will increase then I have to buy another monitor because it is already hurting me while working.. If I talking about good thing about this monitor then it has very good display and color quality and monitor has also slim and cool design.",4.0 out of 5 stars
Reviewed in India on 4 September 2020,Uday M.,I purchased and returned twice,The color reproduction of this monitor is very good though there is too much back-light bleeding.. I was about to use it for photo editing but due to backlight bleeding I was not getting accurate blacks. The volume is too low that the inbuilt speaker is only useful in mid-nights in a very silent environment. You need extra speakers.. I purchased a LG after returning this. Paid 2 K more. No backlight bleeding. No need of extra speakers. High volume.,3.0 out of 5 stars
Reviewed in India on 20 November 2018,Amol Atmaram Ranpise,I am So impressed for look,"I am So impressive look prity, value for money,. So slim,",5.0 out of 5 stars
Reviewed in India on 5 February 2020,Ebin Augustin,Don't buy please,"Please don't buy this. The product which was delivered to me had clouding & backlight bleeding issue. So i decided to replace it & when the replaced product arrived, it had the same exact issue. Now I'm returning this product. Very dissatisfied. Never expected this from a company like acer.",1.0 out of 5 stars
Reviewed in India on 4 March 2021,Amazon Customer,Detailed review,"Cons:. 1.) There are two many wires as it's has a separate laptop like adapter for plugin.. 2.) Inbuild speakers are useless, better if is not available, I mean 2 watt speaker, not sure what is the purpose.. 3.) There is a AUX in cable, the speaker itself is useless, what's the means of input cable, it's better to have AUX out, at least you can use external speaker to permanently fix on your table.. 4.) There is not a single USB port.. 5.) There is no adjustment of screen, not even tilted one forget up and down.. 6.) For my use I don't feel the adjustment is right, moreover you don't have choice to adjust.. 7.) There are many wires visible on table, there is no holding point in monitor.. 8.) Decent price. Pros:. 1.) The white color looks awesome. 2.) Bazzle free design. 3) Superb slim. 4.) light weight - 2.5 KG. I feel if the height/tilt adjustment and inbuild adapter is present, this would be incomparable choice",3.0 out of 5 stars
Reviewed in India on 15 January 2021,Punit Nathani,Good product,"It's a glossy white color, doesn't look as good in personal compared to as in pictures. Has 100% sRGB and 75Hz refresh rate in 1080p resolution. I choose Acer because of negative reviews of LG service centers. So far all good with the monitor.",4.0 out of 5 stars
Reviewed in India on 2 October 2020,SBT,One sexy looking monitor you should buy,Best budget monitor for budget gamers. I purchased this for below 6000 during republic day sale and it's worth of purchase. Best looking for any setup. That 3W speaker is lound enough in quit environment. Minimal screen bleeding on complet pitch black background but you won't face any kind of of distortion in gameplay or movie watching. The sceen is anitiglare.,5.0 out of 5 stars
Reviewed in India on 15 February 2020,Amazon Customer,Quality best as per value of money and size of display..,Overall display is very good as picture quality also you want gaming on this display pls buy.. I have faced issue with display. I have received damaged products. Display is bleeding on right Side and top side but I have checked tha picture quality is very good and value of money... For gaming....,4.0 out of 5 stars
Reviewed in India on 22 May 2020,Srikanth,Best big display with superb clarity and affordable price,1) Display clarity is superb. 2) Price is affordable. 3) No flickering at all. 4) Can work for long times without any stress on eyes. 5) Colors are true (While playing games and watching videos),5.0 out of 5 stars
Reviewed in India on 9 October 2020,Mahesh,Modern sleek white jiant screen,"Beautifully designed and value for money. White sleek looks big but very modern design. Features are good, different modes for gaming, movies etc.. 75 hzs refresh rates possible.. Overall superior quality at the price point. Thanks to Amazon discount and speedy delivery.",5.0 out of 5 stars
Reviewed in India on 26 May 2020,Sumit Kumar,Great product if you are on a budget,"Happy with the monitor. Provides great value for money (‚Çπ9499. Not recommend above this price).. Pros:. +Slim form factor.. +White color looks classy.. +Easy setup.. +Good color reproduction for the price.. +In-built speakers.. +Support for Amd free sync.. +Comes with vga and hdmi cable.. Cons:. -Hinge design is not good. Screen wobbles very easily, even while typing.. -Speakers are of no use.. -Only one HDMI port.",3.0 out of 5 stars
Reviewed in India on 24 July 2020,Abhishek Khandelwal,Too much backlight bleeding,"Too much backlight bleeding..not happy at all with the product. I have 3 other monitors, 2 from BenQ and one from Dell and there is no backlight bleeding in them.. This monitor does not meet my expectations even though it is good interms of design but backlight bleeding is not what I needed",1.0 out of 5 stars
Reviewed in India on 29 October 2020,Devesh,BEST 27 inch IPS budget monitor,"The monitor is beautiful so is the color accuracy and the screen. Loved it. No backlight bleeding although had to get a replacement once since the first delivered product had backlight bleeding, but the replacement is perfect. Buy this monitor without a doubt if you are looking for a budget 27 inch ips panel with 75hz refresh rate. Also the monitor is aesthetically beautiful and super slim.",5.0 out of 5 stars
Reviewed in India on 2 June 2020,Abel,Worst monitor,"The Acer HA220Q monitor is the worst.. It's just the worst ips monitor I have used in my life.The product I received was defective it had severe screen bleeding issue also the images are not sharp when compared with other IPS displays. The contrast is also not up to the mark.. The product is also not exchangable when contacted the customer care.. Think well before you buy it. Remember , When you see an attractive price there is something behind it.The photos are also shared with it.",1.0 out of 5 stars
Reviewed in India on 25 March 2021,Prikshit,Desktop Monitor causing flickers and lines i display,"Writing this review after using this desktop for 3 months. So it is from long term perspective. After almost 2 month of usage this desktop , we have started seeing the lines in the desktop and need to get it replaced under warranty which the ACER team is not replying to. Overall this is pathetic.. :(. Need amazon help to get this replaced under warranty",1.0 out of 5 stars
Reviewed in India on 25 January 2021,Shankar Gupta,Fake defective products sold by amazon fulfilled,An absolutely defective and broken product was sent to me. Don't even buy anything from acer and specially from amazon. It was amazon fulfilled product and screen was completely defective tilting bottom. Save yourself from harassment and don't buy anything from amazon. It is disgusting how big name like. Amazon is looting people. They are shameless and need to be taken to consumer court. Save your money and don't buy anything from. Amazon specially electronics. Better to go to market see things check and buy them.,1.0 out of 5 stars
Reviewed in India on 24 March 2020,Verithanam,No DVI-D port üò©,"This monitor has very good color reproduction. The 2w speaker in this monitor is useless, sound is too low. My phone can produce more sound than this speaker. Design is solid. My monitor has no backlight bleeding. Overall worth for 7500. For gaming it perfoms like 60hz 1ms TN panel which i has before. This monitor is definitely better than 60Hz IPS monitors. Viewing angles are great. HDMI and VGA both cable are included in the box. There is no DVI-D port as shown in the picture. Finally this is a great budget allrounder monitor.",5.0 out of 5 stars
Reviewed in India on 25 July 2020,Sundar Ganesan,Good Product . Bad Audio,"This is a good product for this price range . Bought it during the lock down period in 2020. Picture quality is awesome. Though many say it looks great, i wouldn't agree as it has a plasticky feeling. The Audio quality of this product is not so good. Even if you set the volume to the maximum, it doesn't sound like it.. Apart from that, I am satisfied with the product and the delivery.",3.0 out of 5 stars
Reviewed in India on 12 October 2019,Lhunjakai Haokip,Love the product,Beyond expectation and I brought it around 5700 with delivery I took me 6800 rs. But to say I would recommend it if u get it below 7000 just go for it every things is find just love it,5.0 out of 5 stars
Reviewed in India on 9 October 2019,Abhishek Raghuwanshi,Looks amazing and quality is top notch,"Loved it , got it for 6200 in sale. And it works very well also some people complain about inbuilt speakers non function , if u install the latest window and drives they goes well with it.",5.0 out of 5 stars
Reviewed in India on 2 June 2020,Amazon Customer,Good product for office work usage.,"I am using it for office work only. I haven‚Äôt used it yet for gaming or even for playing movies, hence, can‚Äôt review for those activities.. I like the sleek design of the monitor, the hassle free setup. it‚Äôs very useful for my office work so far.. Maybe they could have a height adjust stand but my work table height suffices for now",4.0 out of 5 stars
Reviewed in India on 24 October 2020,Umamahesh,Not satisfied,"Brightness is very good, As shown it doesn't have dvi port which is disappointing and monitor screen cannot be tilted as usual monitor which is also disappointed after the purchase, at least one USB could have design.",3.0 out of 5 stars
Reviewed in India on 11 March 2020,Jayam M.,Good looking monitor with nice clarity,"This monitor has good colors in display and has a very classy look with the white bottom and back. The only better thing that could have been provided was a couple of USB ports which are not present.. Haven't used it for gaming, so can't comment about that.",5.0 out of 5 stars
Reviewed in India on 10 October 2020,K. Sathyanarayana swami,You can buy..worth it,Everything is good...good eye care technology and brightness technology..but don't buy it for sound...sound is less than.. phone's sound..but to listen..we will clearly listen..but for sound experience..it's not good.. but except that..everything is so much better..,5.0 out of 5 stars
Reviewed in India on 26 March 2021,Sajeev,An above average product,For that price it may ok. But lookwise not that great. I don't have an HDMI port. So can't say about picture quality. VGA quality is ok. An above average product.,3.0 out of 5 stars
Reviewed in India on 17 February 2021,Faris Rahman,Great monitor,"Great monitor for 13k price. Only problem is that the screen is soo big, that 1080p resolution seems low quality. If the resolution was atleast 2k for this big screen, it would be totally cool. But overall a really awesome monitor",5.0 out of 5 stars
Reviewed in India on 1 September 2019,Selvendiran,"Overall good monitor from Acer, not best","Value for money, good picture quality, Not bad for gaming",5.0 out of 5 stars
Reviewed in India on 17 November 2020,Ajay P,"Great picture quality, soothing to the eyes",Fantastic picture quality. Rate is also okay. Soothing to the eyes. Had trouble with monitor of different and so replaced it with this one and no trouble to the eyes after I started using this one.,5.0 out of 5 stars
Reviewed in India on 16 August 2019,subhan,"good but not the best, value for money","if your planning for 22 inch or 24, i suggest 24 im happy with the size and colors, mainly bought for gaming and editing purpose,, the only thing id complain about is the speakers, they arnt loud enough, can never be used as TV,,",4.0 out of 5 stars
Reviewed in India on 14 March 2021,Shashi ,Premium monitor,"It's too bright picture quality I feel settings are little complicated still I like the monitor because of looks , looks wise awesome go for it , speaker sound is too thin. More of treble",4.0 out of 5 stars
Reviewed in India on 26 May 2020,Kartik Panwar,"Brilliant monitor, missed a  Quality Check.",At 8k this was an excellent purchase. Color reproduction was very good. Loved the sleek white design and modular stand.. Unfortunately had to return it because of a defect. There was a gap in the screen making the backlight visible.,1.0 out of 5 stars
Reviewed in India on 20 October 2020,Janavi Khichi,Issue with inbuilt Speakers sound,"Stero speaker sound is very feeble, even my laptop voice was much better than it. Might be a defect and got to know from amazon customer service that the item can't be replaced because of restrictions from seller",1.0 out of 5 stars
Reviewed in India on 21 May 2020,gaurav ranjan,amazing monitor,really great build quality and the screen looks stunning according to the price.. there is slightly light bleed in the left of the monitor so look out for that.. overall great product.,5.0 out of 5 stars
Reviewed in India on 8 March 2021,Venky,Value for money,Excellent piece for this price. Speaker in the monitor is lousy but that's not exactly a fault per se. You can hook an external speaker to this monitor if you search for those options inside the menu,5.0 out of 5 stars
Reviewed in India on 27 August 2019,Saravanan,Speaker not working,Product is nice but the speaker is not working at all. Though a little bit higher than my budget I bought this one keeping in mind about the inclusion of speaker. Please let me know what to do.,4.0 out of 5 stars
Reviewed in India on 22 October 2020,Priyabrata,Good product ( LCD Screen ),"Got it for 11,000 - 27 inch monitor and worth for money. I am using it for around 4-5 now and this product was good. This product is very light.",4.0 out of 5 stars
Reviewed in India on 25 February 2021,viswanath pamarthi,Worst there is manufacturing defect the panel comes off after some use,Don't ever buy this monitor. I got an issue where the front panel coming out after 3monhts of use and u contacted acer and i got a replacement item which again has the same issue after using 2 months so i sold it on olx before the issue got major. So please buy another monitor in this price range,1.0 out of 5 stars
Reviewed in India on 3 June 2020,Sankeerth Shinde,Value for money,this is the best value for money monitor in the market under 10K right now.. But the only con is that you don't get the height adjustment with this monitor.,5.0 out of 5 stars
Reviewed in India on 22 October 2020,vipul,One of the premium monitor one can get,Premium quality monitor available in this price range...more than satisfied...üëçüí•thankyou acer thanku amazon for giving this in the best offer price..,5.0 out of 5 stars
Reviewed in India on 5 March 2021,Biki Das,ips panel,"after changing 3 or 4 monitors, i found the best ips panel with like 0% screen bleeding and no dead pixels also its very thin feels like a oled monitor. overall a good monitor in this segment,, i write this review 1 month after my purchase and not facing any issues. good monitor in budget",5.0 out of 5 stars
Reviewed in India on 13 November 2019,Mahesh S,MONITOR NOT WORKING PLS SEND ME NEW ONE,Not working properly... blinking avery time.. requesting you to return my money as its not working... i purchased it last month only... Waiting for positive response. Thanks,1.0 out of 5 stars
Reviewed in India on 20 May 2020,Ravi Teja,Great value for money,"The monitor has good colour reproduction and great contrast. However, the brightness is not too high. Also, there is some minor screen bleed at the bottom left corner.. Overall, a great product and would recommend to anyone who's looking for a good quality monitor under Rs. 10k.",4.0 out of 5 stars
Reviewed in India on 19 October 2020,PRATIK RATHI,Superb Product,The product in the cost of 6.7K is just superb. Its working fantastically well and thanks Amazon for speedy Delivery.Very slick in design.Sound can still be improved @Acer.Packaging was good and had come in well packed and safe condition,5.0 out of 5 stars
Reviewed in India on 5 October 2020,Amazon Customer,"Audio is very low, it is equal to not having audio as you never use then due to low volume.","Audio is very low and very much disappointed with audio output, I am tired of getting returing defective products from Amazon and retain this though the audio is not good.",3.0 out of 5 stars
Reviewed in India on 6 December 2020,BhavanaRushi,Quick response and quick start.,"Quality of the picture is best of best. And, response time is as much as low. Providing better brightness. But, in low brightness you can see text more clear than in high level. Sound, it's sufficient for small room.",5.0 out of 5 stars
Reviewed in India on 24 February 2021,Pradeep Koundal,Amazing,"IPS display at this price, simply amazing.. Clean Design. No Glare even if you are using it near the window. Loved the Bazzel less design. The graphics and resolutions are great. You can watch upto 4K video content on this screen.",5.0 out of 5 stars
Reviewed in India on 29 October 2020,Punit,Very delicate monitor..,Got damaged in less than 1 year.. piece of junk now... Customer service said it is damaged by customer.. so not covered under warranty.. how can a monitor be damanged by customer without any external visible sign of break and damage..,3.0 out of 5 stars
Reviewed in India on 26 October 2020,Amazon Customer,Very Slim Design,"Very Slim Design IPS Monitor, good for office and gaming, speaker inbuilt, 1 HDMI and and VGA port",5.0 out of 5 stars
Reviewed in India on 29 September 2020,Manish soni,The bezzels are more thick than shown in the images,"Don't buy this monitor in the reference of thin bezels, the bezel in the monitor is very thick. I have bought it to use as a secondary monitor with small bezels but this is very thick and wrongly shown in the images. Amazon should verify the images which the seller show as a product.",1.0 out of 5 stars
Reviewed in India on 10 December 2020,Ben Joel Shynu ,Very high brightness can‚Äôt look at the screen,It‚Äôs 0% brightness is equal to 60% brightness on my smartphone(iPhone SE 2020). Will definitely going to hurt your eyes.,1.0 out of 5 stars
Reviewed in India on 5 March 2021,GN,Value for money,Very nice product for normal use .Iam not gamer Picture quality is very nice&sharp No flicker . The sound volume is less to be augmented with external speakers,5.0 out of 5 stars
Reviewed in India on 21 June 2020,priya gowda,Value for money product,"Looks gorgeous! The IPS panel produces amazing pictures (good contrast). Dont expect much on the gaming side. Overall, value for money product with a killer design.",5.0 out of 5 stars
Reviewed in India on 3 March 2021,Tejas honmute,Value for money,Best thing is picture quality. It is best monter for gaming at this price.. But it has very poor sound quality but it does't an big this we can use headphones.. Best monter at 8000rs.,4.0 out of 5 stars
Reviewed in India on 10 October 2020,Meet,Value For money,The screen is perfect with no backlight leakage. also I connected my raspberry pi to HDMI and my Mac to VGA so its just plug and play.. amazing product.. Satisfied Customer,5.0 out of 5 stars
Reviewed in India on 2 September 2020,Mounesh,Best Monitor For Ever,We using this monitors from 1 year. No issue yet all. Best monitors for Photo and Video Editing,5.0 out of 5 stars
Reviewed in India on 7 December 2020,Satish Singh,cheap good looking monitor with bleeding issue,i was looking for a slim lightweight cheap monitor.. for my occasional use. this fits the case but has one issue. bleeding from more than 1 spots..,3.0 out of 5 stars
Reviewed in India on 23 May 2020,Amazon Customer,Worth buying for daily usage,"It's very good monitor for daily usage. Little bit of backlight bleeding is there but you can play with settings and set which is opt to ur usage. Recommended for daily usage, coding etc. (Cannot comment on gaming not much into games).",5.0 out of 5 stars
Reviewed in India on 26 July 2020,Saminathan Balasundaram,Nice Monitor for Mac Book Air,"I am using this with Mac Book Air connected via HDMI.It's an awesome monitor to leverage for office use.I use it for coding,Presentation and video editing.",5.0 out of 5 stars
Reviewed in India on 8 October 2019,khanishaque1,hdmi cable is faulty,hdmi cable is faulty what should I do do should I put everything else on replacement or they can give me replacement of only hdmi?,2.0 out of 5 stars
Reviewed in India on 9 May 2020,Pranay Dhar,"This is a very Budgets Monitor For gaming, that's My opinion","yeah, it's your right choose to buy this monitor, it is very think prefect for gaming and editing 4k or may photoshop. after i used 5 days this my reviews ,it is a quit budgets monitor for gaming . :)",4.0 out of 5 stars
Reviewed in India on 31 July 2020,dhirendra sharma,Good,Never used for gaming till now. But overall product is working fine. Picture quality is good.,4.0 out of 5 stars
Reviewed in India on 25 May 2020,omkar,Gap between screen and bezel,"Their is blue light popping from bezels of every side. I think it is poorly glued screen, because whenever I press the bezel it sticks and after sometime again their is gap and blue light is observed. Replacement required",5.0 out of 5 stars
Reviewed in India on 8 October 2019,Calwin,Budget gaming monitor,The display is great. So happy with the design and it does have AMD with it so it could be called as a budget gaming monitor. But the monitor could not be tilted so that's a bummer. 178 degree view angle that's something to look forward to.,5.0 out of 5 stars
Reviewed in India on 1 June 2020,Rudra Dube,Good product,"Just bought this one for 8k and have been using it for a week, looks like a good product and I am satisfied with the purchase, got both VGA and HDMI cable, and audio output chord too.",5.0 out of 5 stars
Reviewed in India on 2 October 2019,Sachin k.,Wrost product ever....go with lg and hp products,Bad picture quality.....blackish display appear under the right bottom of the screen.....cant play any video on 1080 resolution.....worst product ever,1.0 out of 5 stars
Reviewed in India on 14 November 2020,Sarveshwar,Nice product,There was a slight backlight bleeding at the top but it doesn't look much problematic it's display was good picture quality was amazing overall it is a good product. I will make my review after several months of usage .,4.0 out of 5 stars
Reviewed in India on 19 October 2020,Ramees,What A Beastü§§üí•,Everything was pitch perfect!!üëåüèª. Especially the package was super descent!. Amazon delivered very quickly!. This monitor is most underrated one!! Others should go for it! Other than buying LG & samsung,4.0 out of 5 stars
Reviewed in India on 13 February 2021,Shameer Ahammed,Not satisfied with the product,The white colour and thin look is refreshing. But I didnt like the cheap plastic build and overall physical stability. There is also lot of light bleeding around corners and edges. I am returning this item,3.0 out of 5 stars
Reviewed in India on 30 July 2020,Sudhanshu Gupta,Good quality,"Good quality, but hit expensive so 4 star",4.0 out of 5 stars
Reviewed in India on 27 January 2021,Vivek kumar,"Best budget monitor under ‚Çπ10,000",If u want budget monitor just go for it,4.0 out of 5 stars
Reviewed in India on 1 November 2020,Ashish K.,Best in video quality,"Best purchase, it has 2 ports, 1 Vga and 1 hdmi.. I am using it since 6 months for 12-14 hours every day. No problem till now, no glitch. All smooth.. Go for it.",5.0 out of 5 stars
Reviewed in India on 26 December 2019,Devesh,Slimmer and good quality picture.,"Very slim and awesome picture quality .. Not verified the sound .There is no USB port , at least one would be really great.",5.0 out of 5 stars
Reviewed in India on 22 February 2021,YogeshArts,VERY NICE,VERY NICE AT LEAST 10 PURCHSE,5.0 out of 5 stars
Reviewed in India on 21 March 2021,Kindle Customer,Speakers are not good,"I took this monitor because of speakers...the volume of speakers are so low that, my laptop speakers are far good.. Rest other things I am fine.",3.0 out of 5 stars
Reviewed in India on 13 February 2021,CHANDAN bharti,Excellent üëçüëçüòäüëåüòäüëå,Acer IPS MONITOR is very good üëçüëçüëçüëç,5.0 out of 5 stars
Reviewed in India on 23 November 2020,Jayesh Khandagale,Best in class,I got it at 9999 best monitor in this price posting review after 1 year no any problem with them nice,5.0 out of 5 stars
Reviewed in India on 29 July 2019,Kishore,Good stuff,Good stuff and recommend to buy,5.0 out of 5 stars
Reviewed in India on 10 March 2021,Dr.Kapu Ramesh,Nice,Nice resolution picture quality,4.0 out of 5 stars
Reviewed in India on 9 July 2019,sohail w.,Awesome,Greattttt product love this amazon you rockkkssss,5.0 out of 5 stars
Reviewed in India on 25 March 2021,Hugh,Quality monitor,Good quality monitor. Vivid colors. Thin and sleek.,5.0 out of 5 stars
Reviewed in India on 27 January 2021,Joginder Singh,Very Very nice,‚òùÔ∏è‚òùÔ∏è‚òùÔ∏è‚òùÔ∏è‚òùÔ∏èüëçüëç,5.0 out of 5 stars
Reviewed in India on 1 June 2020,Ashok D.,Product defective,I got one with a defective panel with red/blue/yellow light spots spilling from sides.. However a great looking monitor for the price range. Was initially impressed with the slimness.,3.0 out of 5 stars
Reviewed in India on 7 January 2021,raju darbar,Good,Nice product,5.0 out of 5 stars
Reviewed in India on 10 November 2020,Amazon Customer,Nice and sleek monitor with excellent picture quality to go with my MacBook Air,Good product (Review written after 3 weeks of use) and going great so far. Loving the new monitor experience.,5.0 out of 5 stars
Reviewed in India on 7 September 2019,shahid waquar,Classssss,Best in the segment.Dont look anywhere.Go for it.But do notice that sound in this sucks!! But thats notbthe deal breaker..trust me u wont regret purchase it.,5.0 out of 5 stars
Reviewed in India on 22 March 2021,Amazon Customer,Good product,Product is good for the value.. Very bad experience about Amazon delivery. I was about to cancle the order for giving false reasons for delay in delivery.,5.0 out of 5 stars
Reviewed in India on 10 June 2020,Farid,Best monitor under 8k,"it's the best monitor under 8000rs, so slim and looks absolutely gorgeous. white colour adds extra premiumness too.",5.0 out of 5 stars
Reviewed in India on 30 May 2020,Jk haokip,Awesome product,The monitor looks so cute with its design....so flate like a mobile phone......but the sound is too low the rest it's perfect it need to have an audio output instead of audio input,4.0 out of 5 stars
Reviewed in India on 13 August 2019,Amazon Customer,Box seal was broken when delivered,Box with broken seal delivered. Also small red dot appears on when it's black screen. I doubt it could be refurbished or some repaired monitor.,3.0 out of 5 stars
Reviewed in India on 15 November 2019,Imtiaz,Low on budget go for it.,"Well it is a budget monitor around 7 to 7.5 k , it ticks all the essentials .Just check your need.",4.0 out of 5 stars
Reviewed in India on 13 February 2020,Pushkar,"Go for this either 24"" or 27""","Definitely you can go and buy this product one con is the sound quality which is not really good apart from this you can buy this, I got this @8999.",4.0 out of 5 stars
Reviewed in India on 11 March 2021,ismail shanavas,Super,Very good,5.0 out of 5 stars
Reviewed in India on 30 January 2020,Aravind Senthilvelu,Excellent,"Getting some white tinted layers while powering on PCs, other than it has no issue.. One of the excellent LED Display under 7K rupees.",4.0 out of 5 stars
Reviewed in India on 24 December 2020,prashant,Best monitor .,I like the quality of monitor .,5.0 out of 5 stars
Reviewed in India on 2 February 2021,Amazon Customer,Poor Volume,"In build speakers are bad, even at 100% volume nothing is audible.",1.0 out of 5 stars
Reviewed in India on 12 December 2020,VB. ,VB,It's amazing.... So slim.. Looking Attractive and Impressive.,5.0 out of 5 stars
Reviewed in India on 8 October 2020,Amazon Customer,Bad product,"Bezels are thicker than in images , and color accuracy is very bad , there are different modes but the only difference is brightness",2.0 out of 5 stars
Reviewed in India on 8 March 2021,ARUN DABAS,Preamium feel,Nice product and very aslim too.,5.0 out of 5 stars
Reviewed in India on 13 November 2020,Manish Singh,"Could be better, audio quality very poor",Audio quality is very poor. Can't rely on it while using in meetings.,1.0 out of 5 stars
Reviewed in India on 6 December 2020,Sachin m.,Very good product,This is a very slim and very thin bezzels monitor.,5.0 out of 5 stars
Reviewed in India on 5 November 2020,Govind,According to price very nice and safe deliver,Not pro but according to price the best and clear for graphic design and video editing,4.0 out of 5 stars
Reviewed in India on 25 November 2020,Princee Dey,Great Product !,Really good product at the given price range. Very useful for office purpose or general use.,5.0 out of 5 stars
Reviewed in India on 21 July 2019,Chetana M.,Bad choice,Costly monitoring with bad picture quality. I made a bad choice.,2.0 out of 5 stars
Reviewed in India on 5 March 2021,Nandan Mishra,Just go for it,"Amazing Product - I am tempted to write this review, although it has been just 1 day but I am amazed by the look and quality.",5.0 out of 5 stars
Reviewed in India on 24 February 2021,Truth teller,"Use hdmi cable. , Brightness is worst alot","Brightness is worst for eyes you need glasses,use hdmi cable to cabinet its not working vga",5.0 out of 5 stars
Reviewed in India on 22 October 2020,Arjun jaitely,Don't go for audio,Don't buy it for audio output. Although nice moniter looks good no very good i love it but again audio output is so low...,4.0 out of 5 stars
Reviewed in India on 18 October 2020,Vishesh Malik,Good Product,"Product is good. AC adapter cable is missing in the box. Also, a white dot at the right cornor of the screen.",3.0 out of 5 stars
Reviewed in India on 28 October 2020,Amazon Customer,"Customer expects what they want, but audio has failed to meet the expectation.",It is as per my expectation but audio is very very low and this is the only disappointment.,5.0 out of 5 stars
Reviewed in India on 8 November 2019,NITIN GUPTA,ok,ok,5.0 out of 5 stars
Reviewed in India on 25 January 2020,Sahil sharma,Value for money,Over all screen is value for money. Poor sound quality. Screen adoptor wire quality also very poor. Screen quality is great. In look it is awesome.,5.0 out of 5 stars
Reviewed in India on 25 March 2021,Hitesh,Best Monitor to buy,Best product in such a good amount. Great looks. It's a gaming screen.,5.0 out of 5 stars
Reviewed in India on 18 October 2019,amit methil,Awesome,Gud for gaming and editing...,5.0 out of 5 stars
Reviewed in India on 19 November 2019,Ram Kumar Sharma,Better.,Better,4.0 out of 5 stars
Reviewed in India on 23 October 2020,Naveen Sudharsan,Its not bad,"Though the monitor is good, there is lot bleeding at the edges.",3.0 out of 5 stars
Reviewed in India on 30 October 2019,GAUTAM DEY,Nice,Nice product,5.0 out of 5 stars
Reviewed in India on 26 March 2021,Verma,Good produt,So far I am Satisfied with product.,5.0 out of 5 stars
Reviewed in India on 10 June 2020,Ketan Panchal,"Value for money,","Awesome monitor in this price, loved it. Built in sound is not that much but okay.",5.0 out of 5 stars
Reviewed in India on 24 March 2021,sarbjeet singh,Budget thing,Best qulity,5.0 out of 5 stars
Reviewed in India on 1 September 2020,Bala Murali Gowda,Amazing Purchase,Worth every penny,5.0 out of 5 stars
Reviewed in India on 29 October 2020,Jai Shree Ram,CHINA PRODUCT SO DONT GO FOR SAME,CHINA PRODUCT SO DONT GO FOR SAME AS 5K TO 6K MONITER IS BETTER IN front OF THIS ACER MONITER,1.0 out of 5 stars
Reviewed in India on 10 November 2019,utkarsh,Best in this category,Beautiful slim screen with great-in build sound feature at very reasonable price. Good work by acer. Great model,5.0 out of 5 stars
Reviewed in India on 7 January 2020,S Subramanian,Overall great experience,A very good product with good picture quality.. However there is no DVI input as advertised in the picture.,5.0 out of 5 stars
Reviewed in India on 4 February 2021,Prakash,Acer monitor review - avg product,Speaker available is namesake.No doubt design is good and picture quality average.,3.0 out of 5 stars
Reviewed in India on 7 October 2019,SIVAKUMAR P,VERY GOOD,VERY GOOD,4.0 out of 5 stars
Reviewed in India on 28 October 2020,TYPINGCOURSE.IN,Great product,"Great Look, wooowoo! but only 1 problem inbuilt sound is not satasified otherwise superb",4.0 out of 5 stars
Reviewed in India on 23 February 2021,raghav sharma,Loved it,I m using it for office work. I really liked it,5.0 out of 5 stars
Reviewed in India on 5 October 2019,rupesh bele,Great display,Clear picture quality watching movie. Value for money.,4.0 out of 5 stars
Reviewed in India on 11 November 2020,Adilaxmi,Doesn't have DISPLAY Port,"It comes with HDMI, Doesn't have Display Port.",4.0 out of 5 stars
Reviewed in India on 14 March 2021,Moksh,Best buy in this range,Excellent product.,5.0 out of 5 stars
Reviewed in India on 31 May 2020,BKDAS,Worth every penny,Best monitor in this price range........full hd and has wide angle view............looks premium,5.0 out of 5 stars
Reviewed in India on 17 March 2021,AMITABH D.,Best picture quality,Best monitor in this segment.,5.0 out of 5 stars
Reviewed in India on 7 March 2021,Ravi kishore M,5 Stars,Excellent,5.0 out of 5 stars
Reviewed in India on 26 October 2020,Venkat,Good one,Very light.. Good picture.. Sound is very less.,4.0 out of 5 stars
Reviewed in India on 10 August 2019,Ashar Ali,excellent,everithing is perfect...very good experience as usual,5.0 out of 5 stars
Reviewed in India on 18 February 2021,RAJ KUMAR,Acer Monitor Good Product,This Acer Monitor is Very nice and useful Prodect. I'm statifyed with amazon.,4.0 out of 5 stars
Reviewed in India on 7 December 2019,anirudh,It is awesome in look,Superb product and i have got it for 8.5k vth discount,5.0 out of 5 stars
Reviewed in India on 5 December 2019,Mujahidul Islam,Nice monitor,Amazing brand so once you can buy it,5.0 out of 5 stars
Reviewed in India on 23 January 2021,Balraj,Super product,"Pic quality is superb, sound is feeble, rich in look over all Fabulous....!",5.0 out of 5 stars
Reviewed in India on 26 October 2019,doddi durga prasad,Good,Nice work for graphics,5.0 out of 5 stars
Reviewed in India on 22 February 2021,Anil kumar,‡§è‡§≤‡§∏‡•Ä‡§°‡•Ä ‡§¨‡•à‡§ï‡§≤‡§æ‡§á‡§ü ‡§π‡•ã‡§®‡•á ‡§ï‡§æ ‡§ï‡§æ‡§∞‡§£ ‡§á‡§∏‡§Æ‡•á‡§Ç ‡§¨‡§π‡•Å‡§§ ‡§ú‡•ç‡§Ø‡§æ‡§¶‡§æ ‡§¨‡•à‡§ï ‡§≤‡§æ‡§á‡§ü ‡§¨‡•ç‡§≤‡•Ä‡§°‡§ø‡§Ç‡§ó ‡§™‡•ç‡§∞‡•â‡§¨‡•ç‡§≤‡§Æ ‡§Ü ‡§∞‡§π‡•Ä ‡§π‡•à,For gaming best. but it has LCD back light so back light bleeding problem.,3.0 out of 5 stars
Reviewed in India on 23 October 2020,Paras,Good One! But...,Yellowish from edges and croner when totally black. Rest all fine,4.0 out of 5 stars
Reviewed in India on 13 November 2020,Chandan Mishra,Awesome Monitor,The picture clarity is very good.,5.0 out of 5 stars
Reviewed in India on 21 March 2021,Kiran Prabha,Picture Quality good,Good quality,4.0 out of 5 stars
Reviewed in India on 13 June 2020,Shreyasi,Backlight bleeding issues after 3 days. Overall good monitor.,Backlight bleeding issues after 3 days. Overall good monitor.,4.0 out of 5 stars
Reviewed in India on 31 December 2020,D.Mohith,Letters become blur on increasing size.,The letters will become blur if we increase the size from 100% to 125%.,3.0 out of 5 stars
Reviewed in India on 28 May 2020,Nasnan,Not that worthy,There is a problem in display. Its seems display someone tried to open the display,2.0 out of 5 stars
Reviewed in India on 9 September 2019,ram sanjay ,Thanks for,Best les,4.0 out of 5 stars
Reviewed in India on 6 July 2020,Subhro Sarkar,Thank you,Awesome I love this monitor thank you amazon,4.0 out of 5 stars
Reviewed in India on 4 July 2020,Sarathkumar,Value for money,Good experience in working with the monitor.,5.0 out of 5 stars
Reviewed in India on 1 November 2019,Raman Kumar,Nice LED,It's ok,5.0 out of 5 stars
Reviewed in India on 24 October 2020,sahil,Very good monitor,Very good for office work. Never tried for gaming.,5.0 out of 5 stars
Reviewed in India on 16 July 2019,Anjali Baliyan,Classy display,The borderless display has created a classy look on my table. Picture quality is awesome.,5.0 out of 5 stars
Reviewed in India on 1 March 2021,Yash,100% i will recommend it.....best monitor ever,Best monitor ever i had......100% i will recommend,5.0 out of 5 stars
Reviewed in India on 11 February 2020,vivek rakha,Good picture quality. No height adjustment.,No height adjustment. Screen quality is good. The angle of stand tilted forward.,4.0 out of 5 stars
Reviewed in India on 29 May 2019,Amazon Customer,Nice,Great monitor and good looking,5.0 out of 5 stars
Reviewed in India on 2 March 2021,Harshal Sonone,Excellent,Good monitor at this price range.. Fully satisfied,5.0 out of 5 stars
Reviewed in India on 13 August 2019,Amazon Customer,Nice,Nice,5.0 out of 5 stars
Reviewed in India on 22 February 2021,b pavan kumar,Sound is very low,Sound in monitor speaker s ..very low,2.0 out of 5 stars
Reviewed in India on 17 January 2021,RITURAJ GAUR,Value for money üí∞,Value for money and Simple and shober,5.0 out of 5 stars
Reviewed in India on 3 March 2021,velmurugan,Ok but need to improve,Back light is visible clearly,3.0 out of 5 stars
Reviewed in India on 22 October 2019,BUDHAU_CHACHA,Value for money,Best in Price and Looks.,5.0 out of 5 stars
Reviewed in India on 24 March 2021,Sureshbabu,Satisfied,Good value for money,3.0 out of 5 stars
Reviewed in India on 22 March 2021,Omkar Dhumal,Good quality product,Good quality product,5.0 out of 5 stars
Reviewed in India on 8 October 2019,aashish bachlash,Real good product,"Nice and very sleek,robust and light weight.",5.0 out of 5 stars
Reviewed in India on 15 February 2021,Ashutosh,Best for video editing,Nice Desplay but not luck like baseless for photos,4.0 out of 5 stars
Reviewed in India on 29 January 2021,Manish,Don't buy waste of money,Don't buy this it's display yellow blur in corners,1.0 out of 5 stars
Reviewed in India on 15 October 2019,Aayush Singh,picture quality good but a little bleeding near power button,there is some bleeding near power button but its not noticeable on setting brightness correctly.,4.0 out of 5 stars
Reviewed in India on 26 May 2020,govinda,received wrong item,received wrong item not as per description don't buy,1.0 out of 5 stars
Reviewed in India on 30 July 2019,manikanta,Good product .... value for money üòé,Good product .... value for money üòé,5.0 out of 5 stars
Reviewed in India on 17 August 2019,Vipul solanki,Osam product,Suparb fore this price quality is osam us fil bettar,5.0 out of 5 stars
Reviewed in India on 6 March 2021,Arul S.,Not working now,How to claim warranty?,1.0 out of 5 stars
Reviewed in India on 1 October 2020,Namsheed,Very good product,"Very good product, awesome display",5.0 out of 5 stars
Reviewed in India on 22 March 2021,Aditya raj,Speaker üîä not working,After 15 days Speaker not working.,1.0 out of 5 stars
Reviewed in India on 8 November 2019,Ghost,Great at this price range,Good lcd monitor,5.0 out of 5 stars
Reviewed in India on 17 February 2021,Ashish Sharma,Budget monitor,Overall it is best thing on this budget.,5.0 out of 5 stars
Reviewed in India on 10 October 2020,Albin Mathew ,Display issue,Display has some white line how can i do,1.0 out of 5 stars
Reviewed in India on 8 February 2021,Sonal Hingnekar,Good,Good one,5.0 out of 5 stars
Reviewed in India on 19 February 2021,Ashraf,Very bad item..,Vibrating display.. Very bad item..,1.0 out of 5 stars
Reviewed in India on 27 March 2021,Akbar,Super awsome,Supper monitor,5.0 out of 5 stars
Reviewed in India on 9 March 2020,Rakesh Kumar,Nice Pc monitor,Its Realy Good for home n office use pc monitor.,5.0 out of 5 stars
Reviewed in India on 6 January 2020,Jeet,"Its great value for money, especially when paired with Radeon",A 75fps IPS monitor with Freesync is great (if you have Radeon),4.0 out of 5 stars
Reviewed in India on 29 October 2020,JHELAI SAHADEVAN,Big Sized Monitor,Slim Monitor,4.0 out of 5 stars
Reviewed in India on 21 March 2021,Mukesh,Good,Good,5.0 out of 5 stars
Reviewed in India on 8 October 2019,Deepak Gaur,Nice,"I am satisfied with product and quality, its fascinating.",4.0 out of 5 stars
Reviewed in India on 7 March 2021,Amit Thakur,üò≥ wow,Everything is very good üôÇ,4.0 out of 5 stars
Reviewed in India on 20 February 2021,Soumik Bhowmick,Really good product according to price,Good product.. Amazing looking,5.0 out of 5 stars
Reviewed in India on 12 August 2019,Dipen,Better look for samll industry office infront,Super design and good looking for office use,5.0 out of 5 stars
Reviewed in India on 25 January 2021,Bhupendra kumar sahu,Best,Supar Best in low price range,3.0 out of 5 stars
Reviewed in India on 3 March 2021,Prabakaran,Good Product,Very happy with the product.,5.0 out of 5 stars
Reviewed in India on 4 March 2021,rupesh khale,Good,Good,5.0 out of 5 stars
Reviewed in India on 24 July 2019,Satyakranth V,Good as expected,Good,5.0 out of 5 stars
Reviewed in India on 29 November 2019,P.M.KADHAR OLI,kadhar,Good,5.0 out of 5 stars
Reviewed in India on 5 October 2019,Rajesh Ghorpade,Don't think and Take it early.,Very Nice. I suggest you buy it blindly. Don't think and Take it early.,5.0 out of 5 stars
Reviewed in India on 3 June 2020,THRILLER,Best quality product,Quality of product is best,5.0 out of 5 stars
Reviewed in India on 4 July 2019,Nandini,Awsome Look,"Really very very very decent look , Works like Champ.",5.0 out of 5 stars
Reviewed in India on 11 December 2020,9622325329,Awesome,Product was superb,4.0 out of 5 stars
Reviewed in India on 17 August 2019,Rajan,Very nice performance Acer moniter,Nice,5.0 out of 5 stars
Reviewed in India on 9 March 2021,Sashi,Nice monitor,Good one,5.0 out of 5 stars
Reviewed in India on 31 October 2020,SRIDHAR M,Semma stylish gand good  one,best one,5.0 out of 5 stars
Reviewed in India on 19 January 2020,Priyoranjan Rajak,Very bad quality,Very bad experience fast time with Acer,1.0 out of 5 stars
Reviewed in India on 5 October 2019,Sarjerao Patil,Colors quality not as expected,Overall okey....but the colors (RGB) is not real as expected.,3.0 out of 5 stars
Reviewed in India on 11 January 2020,Tushar Gurule,Number One,Nice Delivery and Good Product,5.0 out of 5 stars
Reviewed in India on 28 October 2020,ravindra,Nice,Nice product,5.0 out of 5 stars
Reviewed in India on 14 January 2020,nitish,Value for money product,Very good Led,5.0 out of 5 stars
Reviewed in India on 25 July 2020,MOHD AKHTAR ALAM,KHOOBSURAT FOR OFFICE DEVICES,BEST IN QUALITY,5.0 out of 5 stars
Reviewed in India on 7 November 2019,Sanjeev Kumar S,Good.,Good.,4.0 out of 5 stars
Reviewed in India on 14 June 2020,ASD,Worth for money,Excellent,5.0 out of 5 stars
Reviewed in India on 17 August 2019,DMD Enterprises,Good,Very nice and clarity,5.0 out of 5 stars
Reviewed in India on 9 March 2020,ASHOK KUMAR JAIN,Superb product,Worth of purchasing this product,5.0 out of 5 stars
Reviewed in India on 16 March 2020,vishal ahire,Please provide minimum 5 watt speakers,Very nice product really value for money,4.0 out of 5 stars
Reviewed in India on 26 May 2020,Deepak,Bill of my product,I don't find Bill,1.0 out of 5 stars
Reviewed in India on 18 December 2019,Vishakh.v,Good quality,Picture quality & value for money,5.0 out of 5 stars
Reviewed in India on 7 February 2021,Amazon Customer,Good monitor,Good,5.0 out of 5 stars
Reviewed in India on 3 December 2020,shubham,good,good,5.0 out of 5 stars
Reviewed in India on 23 March 2021,Hasan raza,Good,Good,5.0 out of 5 stars
Reviewed in India on 26 March 2020,Srikanta Pradhan,Best üëçüíØ,Simple word... best product,5.0 out of 5 stars
Reviewed in India on 3 June 2019,KiranB,"Value for money, it's very good.","Value for money, it's very good.",5.0 out of 5 stars
Reviewed in India on 19 September 2019,Subhash Lalit,best quality 100% satisfy,must buy product in amazon,5.0 out of 5 stars
Reviewed in India on 16 August 2019,konark gakkhar ,best,shander product,5.0 out of 5 stars
Reviewed in India on 22 October 2019,OG AD Private Limted,"Buy it, buy it in sale !! even better","Buy it, buy it in sale !! even better",5.0 out of 5 stars
Reviewed in India on 20 October 2019,Bobby Vicky,Looking amazing,"Best product ,good design and build quality",4.0 out of 5 stars
Reviewed in India on 1 July 2019,Dhammapal Pawar,Nice,Nice,4.0 out of 5 stars
Reviewed in India on 24 July 2019,anubhav sharma,Good quality product,Nice product,5.0 out of 5 stars
Reviewed in India on 2 March 2020,Neeraj Prakash,Good,Good,5.0 out of 5 stars
Reviewed in India on 7 October 2019,Amazon Customer,Money worth,Good product,5.0 out of 5 stars
Reviewed in India on 2 November 2019,Swet parkash ,Awsme,Perfect size and colour,4.0 out of 5 stars
Reviewed in India on 22 March 2020,Siva,Good,Good,5.0 out of 5 stars
Reviewed in India on 11 October 2019,subhadip mondal,Best,All about good,5.0 out of 5 stars
Reviewed in India on 27 October 2019,Avinash,Nice,I like it,4.0 out of 5 stars
Reviewed in India on 8 February 2020,Sudheer,Monitor,Excellent,5.0 out of 5 stars
Reviewed in India on 10 September 2019,Niral p.,Great..!!,So nice and as expected,5.0 out of 5 stars
Reviewed in India on 8 September 2019,Amazon Customer,Awesome,Worth the price,4.0 out of 5 stars
Reviewed in India on 27 October 2019,Piyush,Acer Monitor,Superb monitor,5.0 out of 5 stars
Reviewed in India on 7 August 2019,RiyAs,Excellent,Look look & Good Quality,4.0 out of 5 stars
Reviewed in India on 8 August 2019,Rami Reddy ,Worth for Money,Exlent product,5.0 out of 5 stars
Reviewed in India on 22 August 2019,Mukesh jaiswal,....,Nice product,5.0 out of 5 stars
Reviewed in India on 13 August 2019,Radhe medical & provision store,Awesome product,Good,5.0 out of 5 stars
Reviewed in India on 5 October 2019,rahul,Good,Like,5.0 out of 5 stars
Reviewed in India on 17 June 2019,Kuldip Antala,Superb,Good product,4.0 out of 5 stars
Reviewed in India on 10 July 2019,Jay,Poor,Poor pak,2.0 out of 5 stars
Reviewed in India on 1 April 2019,Sachin,Excellent,Excellent,4.0 out of 5 stars
Reviewed in India on 6 August 2019,Chintu Das,"Dont Buy This, Seller is wrost","Now its totally overpriced by seller. I added it to my wish list to purchase this after sometime. And then i noticed price increased to 10,400 i mean what ?? R u kidding me ? Its original Market value is around 7000-7500rs not more then this, cmon even its bigger 24inch model is priced 9999rs ! This monitor is one of best in 7-7.5k range even given competition to many 8-9k monitor but now seller ruined this, they also ruined my dream to purchase this",1.0 out of 5 stars
Reviewed in India on 23 November 2020,gerard dmello,Surprisingly zero defects in monitor,Was surprised it worked well. It had no backlight bleed.. It had no dead pixel.hence was surprised how it possible to get monitor with zero defect nowadays...well done acer. .,5.0 out of 5 stars
Reviewed in India on 14 June 2020,Alok Dey,Amazing monitor,"Amazing product, I was looking for monitor for long time. Bought HP & BenQ monitors sometime back but one thing is for sure Acer monitor is way better. It was a complete value for money. Definitely go for it especially the white color one. Looks classy.",5.0 out of 5 stars
Reviewed in India on 3 February 2021,sachin kumar,Best in class,"The best part is pricing. I bought it at 7500 after searching in offline and online both, No body can give you the feel of apple display in this price segment.",5.0 out of 5 stars
Reviewed in India on 22 July 2019,Harshad Solanki,So bad colour quality. Speaker is not working,Colour quality is bad. Don't buy is monitor. Speaker is not working.,1.0 out of 5 stars
Reviewed in India on 4 August 2019,prashant r.,Overpriced,Doesn't worth the money .monitors almost half the price have all the necessary ports and display quality is cheap,1.0 out of 5 stars
Reviewed in India on 29 August 2020,vinkal,Good one but not sure how to tilt the screen,Can anybody help me ? I am not able to rotate (tilt) this monitor. Can you suggest how can I do that ?,3.0 out of 5 stars
Reviewed in India on 21 July 2020,Tarun garg,Best led,"Gud quality best led in this price will h 23.5 inch after discount 8500/- i purchase july ,2020",5.0 out of 5 stars
Reviewed in India on 6 December 2019,Moto Z Play,Simply Clever..Go for it,"awesome .. good product value for money,",4.0 out of 5 stars
Reviewed in India on 8 April 2020,Shabir,display complaint,Not value for money,1.0 out of 5 stars
Reviewed in India on 10 September 2019,YVNS RAMAKRISHNA,Nice,Great.value for money,5.0 out of 5 stars
Reviewed in India on 10 August 2019,Srikar P,Great monitor,Fantastic monitor! perfect for extended usage,5.0 out of 5 stars
Reviewed in India on 17 October 2020,BODA JONATHAN PRABHU KUMAR,very good display,display is good no audio out jack,5.0 out of 5 stars
Reviewed in India on 15 September 2019,ram sanjay ,Thanks for,Best,5.0 out of 5 stars
Reviewed in India on 30 May 2020,brahm,100% satisfied with this product,Got today this model https://amzn.to/3emR2Yv and 100% satisfied,5.0 out of 5 stars
